id,key,octave,steps_from_C,eventType,artistGenre,phrase0_start,phrase0_end,phrase1_start,phrase1_end,phrase2_start,phrase2_end,phrase3_start,phrase3_end,phrase4_start,phrase4_end,phrase5_start,phrase5_end,phrase6_start,phrase6_end,phrase7_start,phrase7_end,phrase8_start,phrase8_end,phrase9_start,phrase9_end,phrase10_start,phrase10_end,phrase11_start,phrase11_end,phrase12_start,phrase12_end,phrase13_start,phrase13_end,phrase14_start,phrase14_end,phrase15_start,phrase15_end,phrase0_diva,phrase1_diva,phrase2_diva,phrase3_diva,phrase4_diva,phrase5_diva,phrase6_diva,phrase7_diva,phrase8_diva,phrase9_diva,phrase10_diva,phrase11_diva,phrase12_diva,phrase13_diva,phrase14_diva,phrase15_diva
aaliyah_nba-regular-season-game_1995,E,,4,basketball,rnb,0.6,8,8.7,14.7,15.4,21.7,22.1,27.6,28.2,34.7,35.2,40.5,41.3,47,47.6,53.4,54.4,61,61.2,66.3,66.5,72.5,73,78.7,78.9,86.6,87,94.6,95.3,103.2,103.4,113.4,91.3,104.3,454.4,117.9,90,84.5,282.6,190.3,203.7,173.1,196.5,254.8,619,321.8,99.4,305.7
aaron-lewis_world-series_2014,A,TRUE,-3,baseball,rock,0,5.3,6.3,12,12.9,18.8,19.3,24.9,25.6,32.2,33.2,39.2,40.1,45.9,47,53.1,54.6,60.8,63.1,69.9,71,76.5,77.7,84.7,86.1,94.5,95.3,102.9,105.5,114.2,115.5,123.8,214.2,43,453.8,149.7,474.6,143.3,180.9,120.9,921.6,86,170.8,214.7,332.9,186.4,139.7,402.5
al-green_nba-allstar-game_2000,C#,,1,basketball,rnb,0.3,4.9,5.4,9.9,10.3,14.9,15.3,20,20.5,25,25.6,30.1,30.7,35.5,36,40.6,41.2,46.3,46.7,52,52.6,57.7,58.1,62.9,63.7,70.1,70.5,76.9,77.7,85.6,86.4,98.6,54,64.3,179.2,89.7,50.2,51.8,99.6,30.6,146.5,289.3,239.9,78.4,173,234.2,134.3,242.7
alanis-morissette_stanley-cup-playoffs_2007,Eb,,3,hockey,rock,0.5,4.4,5,9.6,9.9,13.8,14.3,18.3,18.8,22.2,22.8,26.9,27.3,31.1,31.7,35.8,36.5,40.7,41.3,45.6,46,49.8,50.3,55,55.3,60.5,60.9,66,66.6,72.5,72.9,81.8,57,57,173,115.5,36.6,64.4,82.2,44.2,188.9,243.2,144,132.2,216.9,82.7,130.9,144.4
alicia-keys_super-bowl_2013,G,,7,football,rnb,0.3,9.5,11.6,17.8,19.3,25.7,26.6,33.6,34.4,41.4,43,49.7,51.8,57.6,59.8,67.1,69.1,74.5,74.6,80,80.2,85.1,85.7,90.8,91,97.2,97.4,105.8,109,118,122.3,155,185.5,96.1,202.4,113.6,128.8,122.9,278.6,88,181.8,218.5,210.3,123.9,165.1,396.8,178.7,2365.9
aloe-blacc_nba-finals_2016,C,,0,basketball,rnb,0.4,5.1,6.1,11.2,12.1,17,17.6,22.1,22.8,27.4,28,32.2,33.1,38,38.6,42.9,43.9,49.2,50.4,55.7,57.2,61.6,62.7,67.5,68.3,74.3,74.6,81.2,82.6,91.1,92,102.8,79.9,81.5,178.9,112,219,59,223.6,53.2,294.7,285.7,168.8,129.8,223,277.1,163.7,66.1
amber-riley_dnc_2012,F,,5,political,pop,0.2,5,5.6,9.9,10.6,14.7,15.3,19.1,19.9,23.9,24.3,28.3,29,33.2,33.5,37.5,38.4,42.3,42.7,47.1,47.5,51.7,52.2,56.6,57.2,62.2,62.8,70,71.5,79.1,80.1,91.3,78.5,222.8,179.5,95.9,91.9,208.5,281.1,117.9,111.2,219,241.4,557.6,232.2,376.5,231.6,243.2
amber-riley_mlb-allstar-game_2010,F#,,6,baseball,pop,0.4,5.3,5.8,10,10.6,15,15.7,19.6,20.2,24.5,24.7,28.9,29.5,33.7,34.1,38.4,39.1,43,43.6,48.2,48.6,52.8,53.2,57.7,58.3,63.7,64.2,71.8,72.4,79.4,79.8,94.7,66.8,63.6,128.8,72.4,63.5,101,296.7,171.8,56,218.6,234.9,587.3,211.4,467,168.1,971.1
anita-baker_nfl-regular-season_2023,Ab,,8,football,rnb,0.5,5.4,5.8,10.1,10.5,14.6,15.1,19.2,19.7,23.5,24,28.7,29.4,33.6,34.3,38.6,39.3,43.9,44.3,49.1,49.5,54.3,55.6,60.8,61.3,66.4,67.1,72.5,73.4,78.4,78.9,85.5,88.2,118.9,165.4,143.5,101.3,237.8,139.3,134.5,164.2,368.9,221.2,1092,225.4,182,221.3,307.1
anthony-hamilton_nba-allstar-game_2019,F,TRUE,-7,basketball,rnb,8.7,14,14.6,19.9,20.7,26.2,26.7,31.4,32.4,37.1,38.3,43.3,44.1,49.1,49.8,54.5,55.7,60.7,61.2,66.4,66.9,72.1,73.1,77.9,77.9,82.1,82.5,93,97.4,105.4,106,122.8,411.7,533.4,457.5,658.9,357.1,528.6,280.6,593.4,370.2,380.2,423.2,210.3,1072.1,450.8,232.4,958.8
aretha-franklin_world-series_1993,F#,,6,baseball,rnb,0.4,6.7,8.1,14,15.8,21.9,23.7,28.8,29.6,37.1,38.2,43.7,44.5,51.2,52.7,58,58.8,65.4,66.1,72.1,73.3,79.6,80.6,94.8,96.5,104.1,105.3,114.6,114.9,127,127.6,136.8,122.8,130.8,291.4,135.2,761,275.9,469.7,183.9,230.1,566.8,301.3,632.5,977.4,637.6,449.3,368.9
ariana-grande_nfl-regular-season_2014,Ab,,8,football,pop,0.6,5.8,6.6,11.9,12.6,17.5,18.1,23.4,23.9,29,29.6,34.5,35.2,39.7,40.5,46,47,52.2,52.6,58,58.6,63.5,64.3,68.8,69.6,75.6,76.2,82.1,84.4,91.6,92.3,100.6,65.4,178.1,373.8,105.9,106.5,81.3,247.7,92.9,213.6,234.5,457.3,89.3,332.3,361.7,130.3,140.9
bebe-rexha_indy-500_2017,F,,5,racing,pop,0.3,4.8,5.7,10.6,11.3,15.4,15.9,20.4,21,25.2,25.8,30.1,30.8,34.8,35.2,39.6,40.3,44.5,44.9,48.8,49.5,53.3,53.7,58.1,58.9,63.7,64.2,70.2,71.6,79.3,80.8,87.5,83.6,131.6,164.3,118.7,76.2,76.8,106.4,63.4,148.8,108.6,206.3,65,63.9,190.4,1049.2,122.9
beyonce_inauguration_2013,E,,4,political,rnb,0.6,6.4,7.1,12.6,13.4,19.1,20,26,26.8,33.3,33.6,39.9,40.6,46.6,47.3,53.8,54.3,59.9,60.5,65.7,66.3,72.2,72.7,81.8,82.2,88,88.6,95.3,96.1,102.9,103.7,121,71.9,109.2,141.2,153.4,150,172.7,109.5,164,102.5,190.9,512.6,2018,537.7,361,649.4,1342.2
beyonce_super-bowl_2004,G,,7,football,rnb,0.7,6.4,7.1,13,13.5,19.5,20.2,25.8,26.7,32.6,33.3,39.5,40,46,46.9,52.7,53.3,58.7,59.3,65.9,66.4,72.6,73.1,82.8,83.3,90,90.7,98.3,99.4,106.7,107.9,128.6,73.3,109.6,349.6,138.1,75.2,115.4,117.5,132.8,163.6,326.2,224,576.7,522.5,255.5,434.2,2934.3
billy-joel_stanley-cup-playoffs_1979,C,,0,hockey,rock,0.3,4.2,4.8,8.9,9.6,14,14.3,18.6,18.9,22.7,23.4,27.4,28.1,32,32.7,36.8,37.4,41.5,42,46.1,46.9,50.9,51.5,55.2,55.9,61.3,61.9,67.3,68.5,74.8,75.5,83.6,47.2,99,160.9,67.5,52.8,81.7,80.3,41.6,89.2,98.4,101.1,61.7,188.3,67.4,106.4,146.2
billy-joel_super-bowl_1989,C,,0,football,rock,0.6,4.7,5.1,9,9.9,14.1,14.7,18.7,19.1,23.3,23.8,27.8,28.7,32.8,33.3,37.8,38.4,42.6,43.2,47.7,48.4,52.9,53.3,57.9,58.7,63.9,64.5,70.1,70.8,76.3,77.7,84.2,115.6,139.1,177.7,104.3,84.7,209.6,166.7,204.9,277.9,390,221.3,193.7,233.5,161.6,266.3,295.6
billy-joel_super-bowl_2007,Bb,TRUE,-2,football,rock,0.2,4.8,5.3,9.7,10.3,14.9,15.5,20,20.4,24.9,25.5,30,31,35.3,36.4,41.7,42.3,47.3,47.8,52.2,53.1,58.1,58.5,63.1,63.8,69.7,69.9,75.2,75.6,80.2,81.2,90.2,54.8,184,326.4,156.8,42.1,213.6,163.4,58.9,97.3,121.2,155.1,33.1,136,77.7,133.4,127.3
billy-joel_world-series_2000,A,TRUE,-3,baseball,rock,0.2,5.1,5.5,9.9,10.2,14.6,15.2,19.7,20.5,24.9,25.6,30.4,30.7,34.7,35.7,41,41.8,46.5,47,51.5,52.3,56.6,57.4,62.5,63.3,68.9,69.3,75.4,76.3,86.4,87.6,97.7,70.4,83,160.9,112.5,88.9,83.7,110.8,79.6,142.2,176.7,146.5,88.9,286.5,124.7,259.3,216
brad-paisley_world-series_2017,B,TRUE,-1,baseball,country,0.4,5.3,6.1,9.9,11,15.3,16.4,20.9,21.7,26.1,26.6,30.5,31.5,35.5,36.4,41,42.2,47,47.4,52.3,52.7,57.2,57.8,61.8,63.2,70.2,70.6,77.7,79.1,86.3,87.1,96.9,99.1,122,233.9,115.1,103.9,91.5,156.6,180.3,119.3,181,223,96.8,288.3,179.9,165.8,232.7
brian-mcknight_mlb-allstar-game_2005,Eb,,3,baseball,rnb,0.3,4.4,5.2,8.8,9.4,12.6,13.2,16.9,17.8,21.3,21.9,25.1,25.9,29.5,29.9,34.1,35,38.2,38.5,42.2,42.6,46.1,46.7,51.4,52,56.4,56.9,61.5,62.3,67.6,68.4,76.9,131.2,176.5,202.5,96.3,93.2,204,144.9,100.9,119.4,180.1,158.5,196.2,121,511.1,241.1,598.8
brooke-hogan_stanley-cup-playoffs_2004,E,,4,hockey,pop,0.5,4.4,4.9,9,9.2,13.1,13.6,17.6,18,22.3,22.6,26.5,27.2,31.1,31.6,35.5,36.2,39.8,40.2,44.3,44.6,48.7,49.1,52.9,53.5,58.3,58.8,65.2,68.3,76.9,77.7,86.5,52.3,137.6,313.3,168.6,103.8,129.7,169,83.8,175.5,113.9,180.5,94,190.9,284.5,315.2,586.5
carly-pearce_world-series_2021,Eb,,3,baseball,country,0.6,6.4,6.9,12,12.7,18.2,18.8,23.9,24.4,29.9,30.6,36.2,36.7,42.2,42.9,48.3,49.1,54.3,54.7,60.3,60.9,66.2,66.9,72.7,73.6,80.6,81.1,89.8,90.4,98.1,99.3,111.6,120.5,103.4,248.5,34.2,113.9,119.3,136.8,98.1,222.1,232.3,168.6,91.1,407.8,137.4,214.5,157
carrie-underwood_mlb-allstar-game_2006,F#,,6,baseball,country,0.1,4.8,5.5,10.6,11.2,16.4,17.1,22,22.6,27.7,28.4,33.9,34.4,39.7,40.3,45.4,46.3,50.9,51.5,56.6,57.3,62.5,63,68.4,69.1,75.4,76.1,82.3,82.9,88.5,88.8,98.1,95.8,86.8,208.1,76.2,59.4,81.7,91.7,85.8,113.6,181.5,115.7,59.9,240.6,74.6,393.4,121.6
carrie-underwood_stanley-cup-playoffs_2017,F#,,6,hockey,country,1.2,6,6.7,12,12.7,18,18.8,23.9,24.5,29.8,30.3,35.8,36.4,41.8,42.4,47.5,48.3,53.6,54,59.7,60.2,65.7,66.4,71.6,72.2,78.5,79.1,87.1,89.1,97,97.8,109.3,61.3,71.2,160.4,56.6,74.6,80.1,126.3,51.1,151.1,157,158.2,62.7,257.4,198.6,858.9,149.2
carrie-underwood_super-bowl_2010,F#,,6,football,country,0.5,5.4,5.8,10.5,11.4,16.6,17.1,21.9,22.6,27.7,28.2,33.2,33.8,38.7,39.3,44.2,44.8,50,50.4,55.3,55.9,60.9,61.4,66,66.9,72.9,73.4,81,81.7,92.3,93.2,107,85.9,111.5,213,98.9,74.3,68.5,106.7,75.5,115.6,85.6,174.8,74.7,357.7,294.3,148.2,631.9
carrie-underwood_world-series_2007,F#,,6,baseball,country,0.3,5.2,5.8,10.6,11.3,16.1,16.5,21.1,21.8,26.4,27.2,32.1,32.6,37.5,38.1,42.9,43.5,48.2,48.6,53.8,54.3,58.9,59.4,64.1,65,70.8,71.4,77.2,78.2,84.7,85.3,92.8,68.7,80.6,215.4,85.2,75.7,84,148.9,89,99.1,267.2,145.4,47.7,235.5,79.4,571.8,117.3
cassadee-pope_stanley-cup-playoffs_2023,F#,,6,hockey,country,0.1,5.4,5.7,10.8,11.4,16.6,17.2,22.2,23,28.4,29,34.6,35.2,40.7,41.2,46.5,47.1,53,53.4,58.5,59,64.3,64.9,70.4,70.8,76.8,77.2,83.9,85.2,92.6,93.3,100.2,80,136.6,427.8,84.4,241.5,216.5,289.5,111.9,242.6,1124.5,808.8,203.8,174.7,365.4,141.6,523.6
chaka-khan_nba-allstar-game_2020,F,,5,basketball,rnb,0.8,6.6,7.9,15.2,16.8,21.8,22.6,28.2,28.9,36.6,37.3,41.9,42.9,48.5,49.2,54.3,54.9,64,64.4,71.6,72,79.8,80.5,86.3,87.9,94.8,95.9,109.9,112.3,123.8,124.3,143.7,280.9,211.5,638.1,232.8,274.3,145.5,728.1,172.8,1552.5,703.5,429.7,508.5,619.1,2034.8,1021.8,2164.5
cher_super-bowl_1999,Eb,,3,football,pop,0.2,4.7,5.2,9.7,10.7,15.4,15.8,20.3,20.9,25.9,26.4,30.8,31.9,36.3,36.9,41.5,41.9,46.4,46.8,51.8,52.1,56.5,57.3,62.4,62.5,68.7,69.2,75.3,76.1,83.7,84.9,105.4,103.2,55,247.8,137.6,89.8,61.8,143.4,262.7,112.1,214.9,215.8,1031.6,1279.1,350.6,424,1727.7
cheryl-ladd_super-bowl_1980,E,,4,football,pop,0.2,4.3,4.7,8.8,9.4,13.3,13.8,17.8,18.1,22.2,22.5,26.7,27.5,31.3,31.6,35.8,36.3,39.9,40.4,44.7,45,49.1,49.7,54.7,55.6,60.6,61,66,67.1,72.5,73.4,81,67.2,80.6,106.6,82.5,115,263.8,81.6,174.2,76.9,173.6,130.2,113.1,114.2,104.7,147,848.1
chloe-bailey_world-series_2022,E,,4,baseball,rnb,0.5,4.8,5.9,10.5,11.4,15.9,16.5,21.5,22.5,28,28.6,34.3,35.3,40,40.5,46.2,47.1,53.1,53.8,60,60.2,66,66.4,72.2,72.5,80,80.5,87.5,88.3,97.5,98.7,111.3,370.7,103.5,184,125.3,105.8,130.4,276.4,287.5,1000,702,379.5,1143.8,695,1036.8,632.8,977
chris-daughtry_world-series_2011,D,,2,baseball,rock,0.7,5.1,6.4,11.5,12.8,17.6,18.7,23.2,24.4,28.5,29.4,33.8,34.9,39.5,40.7,45.5,47,51.4,51.9,56.4,57.2,61.3,61.9,66.1,67.3,72.5,73.1,78,80.1,84.4,86,98.1,84.7,87.6,189.1,44,121,197.8,66.5,89.9,501.7,291.6,96.7,47.3,234,163.2,186.3,828.3
chris-stapleton_super-bowl_2023,C#,,1,football,country,0.3,6.5,7.3,12.2,14.3,20.1,21.3,26.9,28.6,35.1,35.7,40.6,42.7,48,49.7,55.1,56.7,61.5,62.8,68.6,69.2,75.9,77.7,83.5,84.7,92.5,93,98.8,101.5,108.8,109.5,121.3,130.6,349.4,606.2,331.1,127,361.5,380.8,329.2,140.2,352.9,701.7,290.3,509.5,419.2,198.5,484.3
christina-aguilera_nba-allstar-game_2004,F,,5,basketball,pop,0.3,6.4,6.9,12.6,13.2,18.5,19.4,25,25.4,30.7,31.1,37.1,37.9,43.4,43.9,49.6,49.9,55.1,55.6,61.5,61.8,66.6,67.3,75.9,76.1,82.8,83.4,89.6,90.5,98.6,99.2,118.6,116.8,112.2,372.6,104.3,90.1,208.9,268.1,199.9,109.2,268,221.4,300.6,399,259.8,756.7,1497.3
christina-aguilera_super-bowl_2011,F,,5,football,pop,0.4,8.1,8.7,15.2,16.1,20.8,21.3,25.2,26.2,33.1,33.5,40.1,41.2,45.2,45.7,49.5,50.6,57.1,57.6,62.8,63.1,67.6,67.9,73,73.1,79.8,80.1,88.2,88.5,95.5,95.7,113.2,158,164.7,230.9,89.6,156.2,161.6,211.5,101.3,296.6,283.5,293.1,600.3,510.8,618.4,484,1371.7
cody-johnson_world-series_2019,A,TRUE,-3,baseball,country,0.5,4.8,5.4,9.7,10.2,14.7,14.9,19.5,20.2,24.6,25.1,29.6,30.1,34.6,35.3,40,41.4,45.8,46,50.4,50.8,55.7,56,60.7,61,66.9,67.4,74,74.7,80.3,80.8,89.2,65.4,124.4,238.7,147.1,76.6,132.3,85.7,108.6,178.2,325.5,124.1,150.6,222,129.9,259.3,515.9
colbie-caillat_world-series_2013,E,,4,baseball,pop,0.2,5.5,6.4,11.5,12.9,18.6,19.2,23.9,25.2,31,31.4,36.6,37.7,43.1,44,48.8,50.3,55.9,56.4,61.1,62.7,67.8,69,74.7,75.3,82.2,82.5,88.4,89.7,96.1,97.8,108.2,77.2,199.5,559.4,206.8,87.5,154.3,426.9,111.6,115.2,645.8,357,236,327,385,387.8,612.3
darius-rucker_world-series_1995,Bb,TRUE,-2,baseball,rock,0.3,6.1,6.7,10.9,11.9,16.2,16.6,21,21.7,26.4,27.1,32.3,33.2,38,38.6,43.4,43.9,48,48.2,53,53.4,57.6,58.1,62.7,63.5,69.7,70,75.1,75.8,81.2,81.6,90.8,93.2,190.3,156.7,197.9,58.4,87.8,214.5,48.2,116.7,163.5,137.3,144.5,266.4,139.6,148.8,623.4
demi-lovato_super-bowl_2020,Ab,,8,football,pop,0.3,5.5,5.7,10.9,11.3,16.5,16.9,21.8,22.3,27.1,27.6,32.6,33.2,38.2,38.6,43.6,43.9,49.3,49.5,54.6,54.9,59.9,60.2,65.3,65.8,71.7,72.2,80.2,82.2,90.2,92.8,110,98,96.5,282.2,72.2,98.6,87.1,116.1,80.2,153,154.4,253.2,135.2,157.5,281.8,495.1,340.7
demi-lovato_world-series_2012,Ab,,8,baseball,pop,0.6,6.6,7.7,13.9,14.7,19.2,19.6,25,25.8,31.4,32.1,37.1,38.2,42.1,43.1,48.6,49.4,55.5,56,61.8,62.6,67.7,68.4,74.8,76.6,82.6,83,89.9,92.2,98.7,101.7,110.8,66.6,209.1,399.4,140.3,50.6,218.3,144.4,114.2,515.1,451.3,571.3,1532,439.3,407.1,209.2,178.3
demi-lovato_world-series_2015,Ab,,8,baseball,pop,0.1,4.8,5.6,10.6,11.7,16.5,17.4,22.7,23.8,28.7,29.4,34.3,35.1,39.9,40.6,45.7,49.3,54.5,56.5,61.6,63.1,68.2,69,74.3,76.6,82.2,82.8,91.1,94.7,101.2,103.6,118.5,75.2,147.4,255.2,144.3,70,165,111.1,56,530.7,318.2,90.4,229.1,302.8,284.7,209.1,2106.3
diana-ross_super-bowl_1982,G,,7,football,rnb,0.3,4.9,5.5,10.3,11,15.8,16.3,20.9,21.9,26.8,27.5,32.7,33.6,38.9,39.3,44.2,45,50.7,51,56.5,56.7,61.6,62.3,67.1,68.1,74.2,74.6,79.6,81,87,87.8,97.9,48.9,113.8,72,145.4,49.7,197.9,99.4,98.1,199.6,197.6,165.8,175.9,152.9,451.6,319.2,608.1
dierks-bentley_stanley-cup-playoffs_2017,F,TRUE,-7,hockey,country,0.2,4.3,4.9,9.1,9.5,13.4,13.8,18,18.7,22.7,23.1,27.1,27.6,31.4,32,36.8,37.6,41.7,42,46.3,46.8,50.6,51.3,56.1,56.9,62.1,62.4,67.2,68.6,74.2,74.7,80.7,89.2,286.8,328.6,182,117.1,175.4,154.4,476.3,154.3,265,396.8,335,509.1,463.8,98,81.7
donna-summer_mlb-allstar-game_1999,Eb,,3,baseball,rnb,0.3,5.4,5.8,11.4,11.8,17.1,17.5,22.3,22.7,27.7,28.1,33.1,33.7,39,39.4,44.5,45.1,49.7,50.2,55.4,56,61,61.4,66.6,67,72.8,73.3,79,79.7,90.6,91.1,101.1,169.3,132.5,217.6,160.6,88.2,137.1,115.1,123.5,98.5,216.4,87.2,46,122.7,126.4,274,122.5
eric-burton_world-series_2022,B,TRUE,-1,baseball,rnb,0.3,7.4,8.4,14.2,14.8,20.6,21.1,27.8,28.4,34.7,35.4,41.1,41.8,47.3,47.8,53.3,53.8,63.4,64.1,71.1,72,77,77.9,84,84.2,90.9,91.6,101.2,102.2,112,112.6,130.4,124.8,107.5,324,156.5,85.9,86.2,137.4,553.5,633.5,367,392,109.3,202,319.8,697.5,1256.2
faith-hill_super-bowl_2000,G,,7,football,country,0.6,6.9,7.6,13.8,14.5,20.7,21.4,27.4,28.4,34.7,35.2,41.7,42.3,48.7,49.1,55.3,56.1,62.4,62.9,69.1,69.9,76.2,77,83.5,83.9,89.4,90.2,96.7,97.4,106.3,107,120.6,84.4,87.4,198,115.2,54.6,89.9,176.9,127.2,129.4,258.6,125.6,830.2,130.9,350.1,128.6,608.3
fantasia_ncaa-football-championship_2023,F#,,6,football,rnb,0.3,6.3,7.4,12.2,13.6,19.4,20,24.5,25.2,30.3,30.8,35.5,36.3,41.6,42.2,47.1,48,53.2,53.8,59.6,60.1,65.4,65.8,70.5,70.8,76.7,77.1,84.4,85.5,90.2,90.5,103.2,213.1,286.3,961.2,122.3,96.7,225,324.9,58,173.3,328.2,292,265.3,375,618.3,193.4,1076.5
fergie_nba-allstar-game_2018,G,,7,basketball,pop,0.3,6.4,7.3,13.5,14.2,20.9,21.4,27.7,28.4,34.4,35.3,41.9,42.7,48.8,49.6,55.9,56.5,63.1,63.5,70.1,70.9,77,77.8,83.5,83.9,92.3,92.7,101.1,104.5,114.8,117.3,135.8,90.6,135.1,492.2,161.5,154.3,363.7,369.7,111.9,257.8,266.9,319.9,69.3,1202.4,484.4,208.5,1475.5
gladys-knight_super-bowl_2019,D,,2,football,rnb,0.3,5.2,5.7,10.5,11.2,16.2,16.6,21.6,22,26.9,27.5,32.1,32.7,37.5,37.8,42.9,45.8,50.8,51.1,55.9,56.2,60.7,61.2,68.6,69.4,75.2,75.7,84,84.5,96.4,97.9,121.5,140.5,168.3,280,158.6,171.6,147.1,223.3,190,168.6,183.6,375.3,925.7,368.4,312.2,357.1,1937.6
gladys-knight_world-series_1991,Eb,,3,baseball,rnb,0.6,5.1,5.7,10.2,10.8,15.5,15.9,20.6,21.3,26,26.5,30.9,31.7,36.5,37,41.7,42.2,46.9,47.1,51.8,52.3,57.1,57.6,62.6,63.1,68.4,69.1,74.8,75.4,82.4,82.8,92.8,183.8,104.9,261.3,192.5,174.4,179.3,214.1,182.7,161.2,81.1,163.3,430.6,236.8,242.8,246.1,917.6
gretchen-wilson_nba-allstar-game_2010,E,,4,basketball,country,0.2,4.5,5.3,9.2,9.8,13.8,14.2,18.7,20.6,24.6,25.1,29.1,29.5,33.4,33.8,38.4,40.2,44.1,44.5,48.5,48.9,52.7,53.2,58.3,59.2,64,64.4,70,71.5,78.1,79,88.7,70.1,59.6,94.2,184.2,96.4,52.6,153.4,74,137.4,136.2,80,106.4,142,214.1,163.2,150.7
harry-connick-jr_super-bowl_1992,Ab,TRUE,-4,football,jazz,0.7,6.7,7.6,13.9,14.9,21,21.9,28.7,29.4,35.4,36.4,42.7,43.7,50,50.8,57.4,58.2,64.8,65.3,71.6,72.3,78.7,79.7,86.1,86.7,94.5,95,103.7,105.6,113.4,116.4,127.4,99.9,171.2,149.3,217.5,99,119.1,196.6,101.1,188.1,353.3,229.9,199,215.8,187.8,150.1,152.3
her_world-series_2023,E,,4,baseball,rnb,0.6,6,6.6,12.3,12.8,18.4,19.2,25.3,25.9,32.9,33.3,39.6,40.4,46.6,47.1,53.3,53.9,61.5,62,68.2,68.6,74.3,75,82,82.7,89.5,90,96.6,100.2,108.7,110.4,129.6,67.7,111,264.6,145.5,103.9,107.1,213.1,181.8,178.4,239.3,230.3,149.1,336.5,248.5,823,701.7
hunter-hayes_world-series_2016,Bb,TRUE,-2,baseball,country,0.3,5.5,6.3,10.8,11.4,16.5,17,21.3,22,27,27.4,31.4,32.3,37.1,37.4,42.2,43,48.2,48.7,54.4,54.8,59.7,60.1,64.9,65.4,71.2,71.6,76.8,77.7,83.2,83.6,92,259.7,182,423.7,80.9,67.9,68.9,131.4,94.3,102.7,316.8,129.6,169.8,439.1,290.2,138.6,590.4
idina-menzel_mlb-allstar-game_2014,F#,,6,baseball,broadway,0.4,8.5,9.5,15.4,16.1,21.7,22,27.1,28.5,33.7,34.2,39.7,40.5,46.3,46.7,51.4,52.7,59.1,59.5,66,66.6,71.9,72.3,77.1,77.5,83.6,84,93.2,94.1,104.4,108.7,119.6,169.1,94.2,224.3,184.9,97.8,154.8,121.5,114.6,90.8,242.1,185.2,118.8,293.2,380.9,156.1,3233.5
idina-menzel_super-bowl_2015,F,,5,football,broadway,0.2,8.9,9.8,15.5,17,21.4,22.4,27.8,29,34.5,35.5,41.3,42.9,48.5,49.3,55,56.2,62.2,63.3,69.9,70.7,75,75.8,81.4,81.9,87.5,88.2,99.2,101.1,111.9,112.9,121.5,136.1,258.3,186,135.5,90.5,250.3,148.1,160.7,157.6,307.4,266.2,263.5,311.7,379.9,414.5,127.8
jackie-evancho_inauguration_2017,Ab,,8,political,classical,0.6,5.1,5.7,10.1,10.5,15,15.7,20.3,20.8,25.6,26,30.3,31,35.3,36,40.5,41.1,45.8,46.1,50.6,51.1,55.7,56.3,61.2,61.8,67.3,67.7,74.5,75.1,84.9,85.7,97.2,53.3,84.9,135.3,100.4,40.1,125.5,91.7,61.6,139.2,104.6,149.6,159.6,227.8,169.4,919.2,115.3
james-taylor_world-series_2018,Ab,TRUE,-4,baseball,folk,0.3,5,5.4,9.9,10.5,14.4,14.7,18.2,19.1,22.7,23.2,27.6,28.2,32.3,32.9,36.1,36.9,40.8,41.2,45.2,45.8,49.5,50.2,54.4,54.9,60.2,60.4,65.3,66.2,71.9,72.3,78.5,70.2,75.1,149.5,143.5,56,129.3,89,93.4,109.6,47.5,137.4,202.1,192.8,159.4,200.6,128.4
jazmine-sullivan_world-series_2022,F,,5,baseball,rnb,0.2,7.7,8.2,14.4,15,20.7,21.4,27.6,28.2,35.1,35.5,42.1,42.7,49,49.7,56.5,57.3,64.5,64.9,71.6,72.1,78.7,79.3,86.5,86.9,94.5,95,105.5,106.3,112.5,113.5,130.8,103.2,197.2,325.6,94.6,125.6,117.7,271.7,120.1,188.2,102.3,263.7,1414.6,799,397.9,744.1,735.3
jennifer-hudson_super-bowl_2009,A,,9,football,rnb,0.5,7.3,8.1,15.1,15.7,22.9,23.4,29.8,30.6,38,38.5,45.8,46.4,53.5,53.8,60.7,61.5,68.4,68.8,76.1,76.4,83.7,84.6,95.5,96.2,102.3,102.6,109.6,110.4,118.1,118.7,130.7,123.3,320.1,529.8,171.8,95.5,191.3,245.6,222,301,331.1,333.5,1318.6,394.3,572.8,474.7,921.8
jessica-simpson_indy-500_2004,F,,5,racing,pop,0.3,4.4,5,9.5,10.3,14.5,15.2,19.3,19.9,24.1,24.6,28.8,29.4,33.5,34.3,38.4,39,43.5,43.7,48.4,48.9,53.1,53.4,57.5,57.9,63.8,64.2,69.6,70.3,78.2,78.8,84.7,72.6,215.4,172.3,53.9,39.7,133.7,174.5,64.4,178.8,204.9,352.5,171.4,325.6,402.3,867,312
jessica-simpson_nba-allstar-game_2001,F#,,6,basketball,pop,0.5,5.4,5.8,12.3,12.8,18.2,18.8,24.3,24.7,29.9,30.4,35.9,36.6,41.3,41.9,46.4,47.1,51.9,52.3,57.4,57.9,63.2,63.7,68.9,69.3,75.6,76.1,81.8,82.4,95.1,95.7,102.1,54.7,115.3,418.6,70.6,47,86.6,179.1,103.7,122.7,49.2,359.5,152.5,149.2,148.8,246.9,94.7
jewel_nba-allstar-game_2023,Eb,,3,basketball,pop,0.8,7.7,8.4,14.5,15.3,21.3,21.9,27.7,28.7,35.3,36,41.8,42.6,48.7,49.4,54.8,55.9,62.1,62.6,68.4,68.8,75.2,75.9,82.8,83.8,91.7,92.1,100.1,100.8,109.2,110.4,125.7,111.5,97.7,360.7,114.8,104.8,130.3,600.4,165.5,55.1,223.9,498.2,209.5,574.6,507.9,234.3,2432.5
jewel_super-bowl_1998,F,,5,football,pop,0.2,3.7,4.4,8.3,8.8,12.6,13.2,16.9,17.4,21,21.7,25.6,26.2,29.8,30.6,34.5,35,38.9,39.3,43.3,43.7,47.3,48,52,52.5,56.9,57.3,61.8,63.1,71.4,73,86.7,78.9,75.7,253.7,54.3,89.9,247.5,134.3,57.6,84,39.1,90.2,195.1,136.7,75.4,658.9,311
jewel_world-series_2001,F,,5,baseball,pop,0.2,5.3,6.2,10.2,11.8,17.3,17.9,22.8,23.6,28,28.6,33.2,34.5,40,40.6,45.3,46.1,50.4,50.8,54.3,55.1,59.2,59.9,64.4,65.2,70.2,70.9,78.1,79.1,86.9,87.6,97,43.9,58.1,354.5,80.4,28.4,82,405.3,37.9,133.7,164.7,176.5,159.3,181.3,267.5,191.1,659.1
jimmy-buffett_mlb-regular-season-game_1984,Bb,TRUE,-2,baseball,pop,0.8,4.8,5.3,9.3,9.8,13.9,14.4,18.5,19,23.1,23.6,27.8,28.3,32.5,32.9,37.3,37.8,42.5,42.9,47.1,47.6,51.8,52.1,56.3,56.6,62,62.5,67.4,67.7,73,73.4,80.1,33.4,49.9,121.5,36.9,29.8,97.7,38.6,66.8,102.3,27.1,35.7,122.5,118.2,76.6,80.3,259
joe-walsh_world-series_1995,Bb,TRUE,-2,baseball,country,0.6,5.1,5.6,10,10.6,14.7,15.3,19.9,20.4,25.2,25.7,30.5,31.2,35.9,36.4,42,42.5,47.3,47.7,52.4,53,57.7,58.5,63.8,64.4,70.6,71.2,76.6,77.8,84.5,85.4,92.6,54.5,83.9,119.5,126.5,56.9,92.8,104.3,153.9,170,101.7,253.9,154.5,186.3,203.9,230.3,221.6
john-legend_nba-allstar-game_2013,Bb,TRUE,-2,basketball,rnb,0,1.5,3,9.5,10,15,15.1,21.5,22.2,28.9,29.4,36.2,36.5,41.7,42.1,47.8,48.7,55.4,55.7,61.4,61.8,66.4,66.7,73.3,74,79.6,80.3,86.7,87.2,96.3,97,110.2,108.1,153.6,512.5,139.6,175.7,329.1,406.8,97.7,282.9,288.9,310.2,334.8,323.6,304.6,873.6,193.6
john-legend_nba-finals_2016,Bb,TRUE,-2,basketball,rnb,0.2,5.7,7,11.9,13,18.2,18.6,24,24.6,30.3,30.8,35.6,36.5,41.7,42.1,48.1,48.9,55.5,55.6,60.9,61.4,66.4,67,73.8,73.9,80.1,80.7,86.6,87.4,96,96.8,107.4,114,93.7,348.8,157.7,116.7,192.6,350.6,111.7,506.6,281.1,279.6,1655.2,341.3,247.1,685.3,191.2
john-oates_world-series_2008,C#,,1,baseball,rock,0.2,4.7,5.4,10.1,11.1,16.2,17,21.5,22.5,27.1,27.7,32.8,33.5,39.5,40.3,44.5,45.2,51.3,53.3,59.8,61,65.7,66.2,71,71.3,77.5,77.6,84.7,85.7,94,95.6,102,65.3,108.3,193.9,84.5,90.9,356.3,177,135.8,434.1,836.9,214.6,324.7,374.2,228.6,175.8,450.5
john-vincent_world-series_2016,B,TRUE,-1,baseball,folk,0.3,5.7,6.2,11.9,12.5,18.1,18.4,24.6,25,31.5,31.9,37.4,38,43.9,44.7,51.6,52.5,59.2,59.3,66.3,66.5,72.8,73.4,79.6,80,88.2,88.9,98.3,100.4,115.1,115.6,127,58.4,89.4,312.1,114.2,174.6,72.7,105.6,119,212,322.1,160,139.9,492.7,229.8,165.3,210.5
jon-secada_world-series_1992,B,TRUE,-1,baseball,pop,0.3,5.4,6.1,11.5,11.9,17.6,17.8,23.7,24.3,29.7,30.4,35.9,36.4,41.7,42.1,48.2,48.8,53.9,54,59.7,59.8,65.1,65.1,70.7,71.1,77.6,77.6,84.3,84.7,94.7,94.8,100.8,58.9,140.6,159.9,106.9,77.5,169.6,260.9,98.3,125.4,67.2,150.3,300,165.9,215.3,1098.8,378.4
jordan-smith_nfl-regular-season_2023,Eb,,3,football,pop,0.6,5.5,5.9,9.6,10.4,14.7,14.9,19.4,19.8,24.2,24.9,29.2,29.6,34,34.5,39.3,39.7,44.7,44.9,49.4,50.1,54.1,55.1,62.5,62.6,68.4,68.8,74.5,75.4,83.5,83.9,94.6,75.8,72.6,201.5,121,124.7,87.8,170.8,217.5,579,330.4,362,479.7,499.8,446,547.5,704.4
jordin-sparks_mlb-allstar-game_2011,E,,4,baseball,rnb,0.3,4.9,5,9.2,9.5,13.7,13.9,18.3,18.5,23.1,23.3,27.8,28,32.4,32.6,37.2,38.2,43,43.2,47.7,47.9,52,52.6,58,58.8,65.3,65.8,73,73.9,81.3,81.6,88.3,82,110.3,174.2,139.1,82.3,157.4,152.1,145.8,151.9,173.1,247.1,1428.7,1112.2,311.9,871.7,314.8
jordin-sparks_nba-finals_2017,Eb,,3,basketball,rnb,0.5,4.7,5.3,9.6,10.1,14.3,14.6,19.1,19.5,23.8,24.3,28.4,29,33.2,33.7,38.2,38.5,43.2,43.6,48,48.4,52.6,53.1,58.6,58.9,65.8,66.2,73.4,73.9,80.7,81,89.8,64.6,94.5,131.9,172.8,58.7,88.3,176.7,94,250.8,259.6,163,1204.1,996.3,168.6,845.6,131.9
jordin-sparks_super-bowl_2008,F,,5,football,rnb,0.5,5.4,6.3,11.3,12,17.3,18,23.2,23.7,28.8,29.7,34.8,35.5,40.7,41.3,46.6,47.3,52.7,53,58.4,58.8,64.3,64.8,71.7,72,78.3,78.6,86.9,87.4,96.6,97.2,114.5,64.9,104.4,224.4,79.2,84.4,76.1,182.1,134.5,198.3,185.8,245.8,1742.5,615.2,270.3,880.6,1084.2
jordin-sparks_world-series_2023,Eb,,3,baseball,rnb,0.3,4.7,5.3,9.8,10.3,14.7,15.2,19.7,20.2,24.6,25.1,29.5,30.1,34.6,34.9,39.9,40.5,45.3,45.6,50.5,50.8,55.1,55.6,61.3,61.5,68.3,68.8,75.5,76.1,83.4,83.8,92.9,67.1,119.7,153.3,63.4,73.9,118.7,194.8,85,194.2,353.6,148.2,1495.7,983.5,254.4,925,252.9
josh-groban_nba-allstar-game_2011,Bb,TRUE,-2,basketball,pop,0.3,5.1,5.6,10.1,10.9,15.3,15.8,20.3,20.8,25.3,25.7,30.4,31.1,35.4,36.3,41,41.6,46,46.3,51,51.4,55.8,56.4,61.1,61.6,66.9,67.2,73.6,74.3,81.2,82,89.4,79.4,91.2,182.2,93.7,67.6,145.5,109.1,123,98.5,198.2,235.5,127.5,316.8,214.9,174.8,341.7
joyce-didonato_world-series_2014,Ab,,8,baseball,classical,0.2,6.8,7.2,12.5,13,17.9,18.2,23.7,24.3,30.7,31,36.2,36.9,42.2,42.7,48,48.6,53.9,54.1,59.2,59.8,64.6,65,71.2,71.5,77.7,78,86.6,88.5,98.1,98.6,108.1,89.3,110.1,171.9,96.4,76.5,125.9,226.4,154.4,166.6,152,148.2,157,311.1,357,978,292.1
juanita-booker_inauguration_1981,Bb,TRUE,-2,political,rnb,0.7,6.5,7.3,14.1,14.5,20.4,20.7,26,27.6,34.6,35.3,43.4,44,50.1,50.4,56.7,57.6,63.1,63.3,68.3,69.1,74.6,75.3,82.2,82.5,87.8,88.1,93.8,95.3,103.9,104.5,120.5,165.3,202.6,316.7,313.9,165.4,228.7,137.1,323.3,188.2,376.8,219.8,260.7,349,532.3,256.8,414.3
keith-urban_stanley-cup-playoffs_2017,C,,0,hockey,country,0.3,4.1,4.9,8.4,9,12.4,12.7,16.4,17.1,20.3,20.8,24.3,24.8,28,28.6,32.4,33.3,36.9,37.2,40.4,41,44.5,44.8,48.4,48.6,53.3,53.7,58.5,59.4,65.2,65.6,71.5,86.1,75.7,127.8,73.9,58.6,55.1,52.8,87.8,170.5,301.7,229.2,115.1,287.8,156.1,99.6,280.5
kelly-clarkson_indy-500_2018,G,,7,racing,pop,0.3,4.7,5.4,9.6,10.3,14.9,15.6,19.6,20.5,24.7,25.3,29.2,30.1,34.2,35,38.9,40,44.1,44.3,48.8,49.4,53.7,54,58.1,58.4,63.7,64,70,70.5,77.1,77.4,88,93.7,69.8,197.2,49.3,58.7,66.5,100.2,97.7,105,125.7,394.9,246.8,332.5,582,259.9,180.3
kelly-clarkson_indy-500_2019,G,,7,racing,pop,0.1,4.7,5.2,9.6,10.2,15.2,15.6,19.6,20.5,24.9,25.3,29.6,30,34.7,35.1,39.1,40.2,45,45.3,49.9,50.3,55.1,55.8,59.8,60.3,65.5,66,71.4,72.1,79.5,79.8,90.2,88.4,83.4,271.5,83.2,57.1,80,102.7,62.9,88.9,86.5,278.5,89.7,156.9,269.9,148.8,336.6
kelly-clarkson_world-series_2010,F#,,6,baseball,pop,0.4,4.5,5.4,9.7,10.6,15.9,16.5,20.4,21.6,25.6,26.4,30.4,31.2,36.2,36.9,40.6,41.7,46.7,47.1,52.5,53,57.7,58.9,62.8,63.1,68.2,69,75.5,76.2,82.3,82.5,91.6,77.5,56.7,173.3,49.1,69.4,57.1,185.8,92.6,263.4,1070.9,299.7,107.5,124.3,1062.7,206.3,2293.4
kelsey-grammer_mlb-regular-season-game_1996,F,TRUE,-7,baseball,jazz,0.3,5.6,6,10.9,11.5,16,16.6,21.6,22.1,26.8,27.3,32.2,32.9,37.8,38.1,43.3,44.4,49.7,50.1,55.3,55.7,60.7,61.3,66.9,67.3,73.8,74.4,80.7,81.3,88.4,88.8,96.1,92.6,95.2,228.2,107.2,119.3,151.5,113.2,113.3,92.6,82.1,92.2,264.5,318.5,237.7,98.2,304.5
kiana-lede_mlb-allstar-game_2023,E,,4,baseball,rnb,0.6,6.6,7.4,12.3,13.2,18.2,18.3,23.9,25.2,30,30.3,34.7,35,39.9,40.7,46.4,46.8,51.8,52,56.8,57.2,61.1,61.6,65.8,66.1,71.7,72.1,78.8,79.8,86.7,87.3,95.7,115,107.8,332,165.2,118.5,176.5,246.5,101.9,313,468.7,97.4,182.8,424.7,282,139.5,195.9
kritsen-chenoweth_wnba-allstar-game_2019,G,,7,basketball,broadway,0.1,5.4,6,11.3,11.7,16.9,17.4,22.3,23.2,28.1,28.6,33.3,33.8,38.5,39.2,44.5,45.4,49.7,50.1,55,55.6,60.2,61,65.8,66.3,72,72.4,79.1,79.8,89.6,89.8,101.6,64.8,135.4,201.9,89.5,56.3,54.9,188.2,87.1,57.8,264.2,237.4,37.2,222.1,304.9,1144,328.6
lady-gaga_inauguration_2021,F#,,6,political,pop,0.7,6.1,6.8,11.9,13,18.9,19.3,24.9,25.7,31.3,31.5,36.9,37.8,43.2,43.7,49.1,49.8,55.3,55.6,61.1,61.8,66,66.2,75.2,75.7,79.8,80.1,84.9,85.3,92.8,93,106.1,73.3,71.9,320.9,163.5,73.8,106.3,230.8,145.1,71.8,216.3,145.8,2185.9,331.6,220,499.7,306.5
lady-gaga_super-bowl_2016,F#,,6,football,pop,0.6,6,6.8,12.3,13.5,19.5,19.9,26.1,27.5,33.5,34,39.6,40.6,46.4,47.6,54.7,56.6,62.3,62.9,68.6,69.2,74.9,75.6,84.2,84.2,93.1,93.4,100,104.9,113,113.3,127.9,65.3,77.9,595.7,81,95.3,176.7,188.9,111.4,187.4,135,333.2,2019.9,723.9,281.7,354.6,796.3
lauren-alaina_world-series_2021,E,,4,baseball,country,0.5,5.5,6.1,11.3,11.6,16.6,16.9,22.2,23.1,27.8,28.5,33.2,34,38.7,39.1,44.1,45.7,50.2,50.7,55.7,56.2,60.9,61.4,66.1,66.3,72.1,72.5,79.1,80.8,87.1,87.3,98.4,92.7,298.9,376.4,217.7,138.1,261.2,373.1,240.7,238,394.2,260.2,288.5,518.1,386.2,432.4,358.4
lauren-daigle_ncaa-football-championship_2020,Eb,,3,football,christian,0,7.9,9,14.7,15.7,21.1,21.5,26.9,27.8,32.9,33.6,38.4,39.2,44.3,45,50,51.3,56.2,56.5,61.5,61.6,66.7,67.2,72.2,72.4,78.6,78.7,86.8,87.4,95.1,95.4,108.4,113.5,113.6,264.5,82.7,172.7,122.1,247.9,126.5,458.7,405.1,538,251.8,437.6,742.3,575.2,881.4
leann-rimes_world-series_1997,F,,5,baseball,country,0.4,5.7,6.3,11.7,12,17.5,17.9,23.3,23.7,28.8,29.3,35.1,35.7,41.5,42,47.4,47.9,54.2,54.5,60.7,61.2,67,67.3,73.4,73.7,80.8,81,88.3,88.9,96.3,98.3,108.6,76.1,107.2,241.3,86.2,92.1,92.6,109.3,70.5,112.8,208.2,133.1,120.7,326.9,174.2,744.5,245.1
luke-bryan_stanley-cup-playoffs_2017,Bb,TRUE,-2,hockey,country,0.1,6.4,7,12.7,13.3,18.7,19.1,25.5,26.1,31.6,32.3,38,38.6,44.3,45,51.9,52.7,58.4,58.9,64.2,64.5,69.5,70.1,76.6,76.9,83.1,83.6,90.1,90.5,98.3,99,107.7,118.3,206.3,364,96.1,73.7,92,246.3,135.3,224.1,351.2,358.8,237.3,301.8,464,127.8,114
luke-bryan_super-bowl_2017,A,TRUE,-3,football,country,0.5,8.2,9.3,15.9,17.1,23.8,24.2,31.5,32.3,39.1,39.5,45.5,46.2,52.3,52.9,59.5,60.8,67.2,67.5,73.1,73.5,79,79.9,87.3,88,94.2,94.9,101.2,102,109.1,110,124.7,141.4,222.5,641.3,255.2,131.2,127.5,333.3,247.3,190.9,373.5,284.3,245.1,298.6,343.9,114.5,737
luther-vandross_super-bowl_1997,D,,2,football,rnb,0.4,6.6,7.4,12.5,13.7,19.4,19.9,24.7,25.2,31.6,32.2,37.2,38.4,43.9,44.5,50,50.8,56.4,56.5,62.5,63.1,68.7,69.5,75.1,75.5,82.1,82.6,90.5,91.2,97.2,97.6,112.6,78.4,71.2,356,94.2,64.6,109.6,77.9,70,161.1,269.3,198.7,230,203.3,426,186.4,181.4
madison-beer_stanley-cup-playoffs_2020,Ab,,8,hockey,pop,0.8,6.9,7.5,13.1,13.8,19,19.6,24.9,25.5,30.3,30.9,37.2,37.7,43.2,43.9,48.7,49.3,54.3,54.6,59.8,60.4,65.5,66.4,72.3,72.9,79.6,80,87,87.7,95.8,96.2,111.5,66.5,191.2,381.7,153.7,74.5,211.1,372.7,224.8,123.7,330.4,334.6,341.5,492.8,516.2,567.7,618.2
madison-watkins_world-series_2022,E,,4,baseball,pop,0.5,5.3,5.8,10.5,11.1,15.4,16.2,21.2,21.9,27.1,27.9,32.9,33.5,38.5,39,44.1,45.1,51,51.3,57.3,58,62.9,63.3,70.2,70.6,76.4,77,83.6,86.7,94.4,94.6,106.5,89.7,89.4,260.4,63.1,130.4,99.7,163.8,132.2,599.9,1273.1,142.1,1467.8,240.9,116.3,419.1,1323.4
marc-anthony_dnc_2012,C#,,1,political,pop,0.8,5.9,6.9,11,12.6,17.9,18.6,23.2,24.4,29.9,30.5,35.3,36.4,41.7,42,47,48.1,53.4,54,59,59.8,64.7,65.8,70.8,71.4,77.7,78,85.7,87.3,96.9,97.8,116.6,77.2,260.2,416.4,197.8,150.5,240,364.1,142.8,88,106.3,368.2,112.6,233.3,201.2,195.7,1017
mariah-carey_super-bowl_2002,E,,4,football,pop,0.3,5.7,6.2,11.5,11.9,16.9,17.3,22.7,23.3,28.4,28.8,34.1,34.8,39.8,40.2,45.1,45.7,51.1,51.7,57,57.2,62.1,62.8,67.6,68.2,74.1,74.5,83,83.5,92.9,93.5,116.3,347.5,89.3,299.4,223.3,62.5,221.2,290.7,118.1,136.9,220.7,226.3,250.3,338.4,507.2,332.2,1764.6
martina-mcbride_world-series_2004,F#,,6,baseball,country,0.5,5.8,6.4,11.4,12.2,17.6,18.1,23.6,24.1,29.9,30.5,35.3,35.9,41.7,42.2,47.6,48.4,53.2,53.9,59.2,60.1,65,65.7,71.4,71.9,78.1,78.6,84.4,85.1,93.8,94.4,103.3,54.7,73.4,388,87.8,65.4,114.5,381.1,96.5,191.3,128,304.8,206.7,340.6,230.5,218.9,253
marvin-gaye_nba-allstar-game_1983,C,,0,basketball,rnb,-0.2,6.8,9.1,18.1,20.4,26.7,27,34.5,37.5,47.8,48.9,57.2,60.1,66.1,66.4,72.8,76.9,82.2,83.4,87.8,89,93.9,95,103.7,106,117.7,118.3,127.2,128.8,134.8,137.5,150.1,453.6,160.4,321.2,239.3,401.9,345.4,688.8,268.3,373.7,527.8,226.3,350.7,1124.3,550.7,124.4,799
mary-j-blige_nba-allstar-game_2012,F#,,6,basketball,rnb,0.4,7.4,8.1,12.6,13.1,17.8,18.5,23.1,23.7,29,29.4,34.3,34.8,39.8,40.2,45,45.7,52.5,53,60.1,60.6,66.7,67.2,71.3,71.5,79,79.6,87.4,88.4,95.4,96,110.6,94.5,78,121.6,58,67.6,76.8,137.6,94.2,189.9,280,464.7,471.2,713.7,669.2,210.3,1115.4
mary-j-blige_world-series_2009,F#,,6,baseball,rnb,0.5,9.2,10.3,17.4,18,23.2,23.7,28.4,29.6,35.3,35.8,42,42.6,48,48.5,53.4,54.5,60.9,61.3,67.7,68,74.7,75.3,80.8,81.2,87.5,87.8,95.3,97.2,108.7,109.6,118.8,136.3,152,131.1,73.2,71.1,138.9,132.7,103.6,507.9,213.4,565.9,671.8,250.2,1280.5,810.8,183.8
mary-j-blige_world-series_2013,F,,5,baseball,rnb,0.2,7.2,7.7,13.7,14.4,19.8,20.2,25.7,26.1,32,32.8,38.9,39.4,45.1,45.4,50.6,51.1,59,59.2,65.5,66,71.8,72.2,77.7,78.1,84.3,84.7,95.7,99.6,105.4,105.7,118.3,100.6,171.1,135.3,143.3,108.3,109.2,183.6,109.6,224.7,404.3,394,608.8,225.9,942,135.7,717.6
matthew-morrison_world-series_2012,Bb,TRUE,-2,baseball,broadway,0,3.9,4.5,8.6,9,13.3,13.7,18.2,19,23.2,23.7,27.8,28.6,33.2,33.8,38.2,38.7,43.4,43.6,48.6,49,54,54.4,59.3,59.8,65.5,66,72.5,73.6,81.2,81.6,91.4,55.4,48.3,144.8,168.6,44.8,49.2,96.9,152.7,97.6,113.8,65.7,233.8,197.1,138.6,109.2,276.3
melissa-etheridge_world-series_2002,D,,2,baseball,rock,0.4,6,6.6,12.1,12.9,18.5,18.8,25.2,25.7,31.3,32,36.8,37.4,42.1,42.8,49,50.1,56.3,57,63.6,64.1,69.7,69.9,75.9,76.4,82.6,82.8,90.7,91.4,99.8,101.6,122.4,67.9,154.2,269.6,182.5,74.6,119.1,163.2,76.7,584.4,119.8,114.4,79.3,195.1,225,319.5,328.5
mickey-guyton_super-bowl_2022,G,,7,football,country,0.1,5.1,5.5,10.3,11,16.2,16.7,21.8,22.5,27.4,27.8,32.6,33.2,37.8,38.3,43.2,43.7,48.4,48.7,53.7,53.9,58.7,59.2,66.3,66.4,71.9,72.1,79.6,81,88.1,88.6,110.3,96.9,155.2,129.5,97.3,101.2,187.4,74.6,183.5,229,390.7,215.1,363.7,545.4,531.1,840.9,1457.8
mickey-guyton_world-series_2023,G,,7,baseball,country,0.6,6,6.6,11.9,12.5,18.1,18.6,23.9,24.6,30.4,30.8,35.8,36.8,42.2,42.6,47.9,48.7,54.2,54.5,59.6,60.2,65.5,66.1,71.6,71.9,78.2,78.5,86,87.5,95,97.3,105.5,89.3,81.3,176.4,122.5,168.6,63.6,145.1,59.8,302.5,579.6,99.9,350,404.2,348,256.4,335
natalie-grant_ncaa-football-championship_2022,Ab,,8,football,christian,0,6.3,6.9,10.9,11.4,15.4,15.9,20.2,20.8,26.2,26.7,31,31.8,37.3,38,43.5,44.4,50.1,50.4,55.6,56,61.3,61.8,69.3,69.6,75.6,76.1,84,84.4,93.9,94.2,109.2,79.6,106.6,236.2,165.1,109.9,169.6,311.8,121.3,205,274.2,149,1657.3,655.9,239,808.7,312.7
nayah-damasen_nba-finals_2018,F#,,6,basketball,pop,0.7,6.3,6.8,11.7,12.4,16.7,17,22,22.6,28.2,28.5,33.8,34.4,39.6,40.1,45.3,46.6,52,52.3,58,58.4,64,64.5,71.3,71.6,77.5,78.1,85.7,87,93.5,94.2,104.1,91.1,95.7,198.9,149.3,88.3,110.5,253.6,82.4,283.7,271.4,355.9,1387.5,287.1,241,140.5,401.7
neyo_nba-allstar-game_2016,C#,,1,basketball,rnb,6.5,11.5,12.6,17.6,18.4,24.3,24.7,30.1,31,36,37,42.7,43.3,48.8,49.3,54.9,55.6,60.9,61.3,67.1,67.7,72.7,73.9,82.7,83,89.6,89.9,97.3,98.6,104.1,104.8,120.3,57.8,69.2,387.2,156.1,54.9,131.7,377.5,129.1,146.4,447.1,229.7,135.2,383.1,305.9,179.6,922.2
neyo_nba-regular-season-game_2020,D,,2,basketball,rnb,0.7,4.8,5.5,9.7,10.1,14.5,14.9,19.3,19.6,24,24.4,28.8,29.5,33.5,33.8,38.3,38.8,43.2,43.5,48,48.3,52.9,53.4,57.8,58.1,63.2,63.7,69.4,70.8,76.6,78.5,93.2,55.5,300.4,347.5,77.6,43.2,228.4,300.4,193.3,175.5,187.4,168.6,147.5,66.9,243.7,142.1,94.4
nicole-scherzinger_world-series_2019,F#,,6,baseball,pop,0.4,7.4,8.7,15.3,16.7,22.9,23.4,30.8,33.3,38.5,39.1,44.3,44.9,50.7,51.5,57.5,59.3,66.2,66.5,74.2,74.8,81.1,81.5,89.9,90.6,96.2,96.7,105.4,111.4,124.2,126,137.1,88.4,110.1,313,124.7,96.3,105.5,322.5,175.9,215.1,428.8,354.7,1019.2,407.9,642.3,2131.4,751.6
patrick-stump_world-series_2016,C,,0,baseball,rock,0.2,4.4,4.9,9.1,9.7,13.9,14.3,18.5,19,23.9,24.3,28.5,29.1,33.7,34.2,38.6,39.2,43.6,43.6,48.6,48.7,53.1,53.6,58.5,59,64.9,65.2,70.8,71.9,78.5,79.6,86.3,54,112,175,51,77.2,70.7,129.8,37.6,123.5,180.9,113.7,251.8,151.9,270.7,251.8,728.3
patti-labelle_world-series_2008,A,,9,baseball,rnb,0.1,7.2,8,14.1,14.9,22.9,23.5,29.8,30.4,38.7,39.3,48.3,48.7,55.7,56.5,62.4,63,71.6,72.5,79.3,79.7,86,87,94.1,94.9,102.1,102.8,112.8,113.6,129.9,130.5,145.2,110.7,96.9,588.6,87.8,331.1,306.4,316,85.3,929.3,331.2,449.7,199.2,368.8,1270.2,1532,2314.5
paul-simon_world-series_1986,A,TRUE,-3,baseball,rock,0.2,5.6,6.4,10.7,11.5,15.8,16.1,21.2,21.9,26.5,27.2,31.7,32.6,37.5,38.1,43.6,44.2,48.9,49.3,54.1,54.6,59.6,60,65.5,65.9,72.8,73.2,82,84.2,92.2,93.1,101.3,55.3,70,199,241.8,61.1,71.3,155.3,123.4,122.8,118.9,215.9,193,269.9,353.1,279,478.5
peabo-bryson_world-series_1992,D,,2,baseball,rnb,0.5,5.8,6.8,12,13.2,18.4,18.8,23.8,24.2,29.1,29.6,35.2,35.8,41,41.5,46.8,47.3,52.3,53.3,58.4,59.4,65.6,65.9,70.8,71.2,77.3,77.6,84.7,85.2,92.5,92.9,101.9,84.4,184.3,610.4,157.7,127.4,282.2,549.4,164,601.4,474.4,585.4,483.1,252.1,428.9,384.9,659.2
phillip-phillips_world-series_2012,Ab,TRUE,-4,baseball,pop,0.4,5.2,5.8,10.5,11,15.7,16,20.6,21,25.7,26.1,30.7,31.1,35.8,36.2,40.8,41.3,45.8,46.2,50.9,51.3,55.9,56.4,60.9,61.1,66.8,67.3,73.7,75.5,85.9,86.9,96.5,75.8,72.1,156.6,45.7,68.8,77.7,129.8,38.2,93,84.5,125,38.7,249.7,101.9,251.6,125.6
pia-toscano_memorial-day-concert_2022,F#,,6,political,pop,0.3,4.6,5.1,9.1,9.5,13.6,14,18.2,18.7,22.8,23.5,27.6,28.1,32.2,32.9,36.9,37.4,41.6,41.9,45.8,46.3,50.2,50.8,55.4,55.6,60.7,61.2,66.5,67.6,74.4,74.7,88.8,66.1,90.9,131.5,137.3,83.5,72.6,104.3,131.7,111.6,78.4,249.3,1218.2,616.2,225.3,660.1,1265.9
pink_super-bowl_2018,G,,7,football,pop,0.7,6.2,6.9,12.5,13.6,19.1,19.7,25.7,26.3,32.1,32.4,38.5,39.2,45,45.4,51.2,52,57.7,57.9,63.2,63.9,69.2,69.8,75.4,75.7,82.3,82.8,89.7,91.1,98.4,99.9,113.4,87.3,134.2,181.3,214.9,63.5,200.3,266.6,86.3,289.1,294.7,228.4,154.4,336.1,307.8,530.3,416.8
rachel-platten_world-series_2016,F,,5,baseball,pop,0.2,4.9,5.7,10.1,10.9,15.2,16,19.9,20.6,25.5,26.3,30.7,31.6,36.2,37,41.2,42.1,47.4,47.6,52.4,53.2,57.6,60,64.5,64.8,70.4,71.4,78.9,81.6,90.4,91.8,101.4,65.2,63,194.8,81.6,89.5,54.4,254.4,78.9,552.2,115.2,596.9,560.8,316.1,181.4,222.7,485.8
renee-fleming_super-bowl_2014,A,,9,football,classical,0.4,7.3,7.8,13.1,13.6,19.5,20,27.6,29.7,35.7,36.2,41.7,42.3,47.8,48.2,54.5,58.1,63.7,64.2,69.3,69.9,74.3,74.7,80.9,81.2,86,86.8,92.8,93.4,103.3,103.4,122.9,115.3,111.8,174.9,186.2,98,87.5,111.9,357.4,255.2,144.3,126,147.8,326.5,187.1,1386.5,3670.7
scotty-mccreery_world-series_2011,Ab,TRUE,-4,baseball,country,0.8,5.9,6.7,12.4,12.9,18,18.3,23.3,24.5,29.5,30,34.5,35.4,40.2,40.7,45.5,46.9,52.2,52.4,56.7,57.2,61.8,62.2,67.2,67.5,73.5,74.1,79.8,81.1,88,89.3,97.2,107.3,107.7,443.4,230.8,115.1,126.8,310,116.5,221,293.5,262.8,243.6,420.7,557.8,229.9,139.2
sheryl-crow_stanley-cup-playoffs_2018,F#,,6,hockey,rock,0.4,4,5.2,9.5,10.1,14.2,14.5,18.4,19.4,23.7,24.3,28.5,29.2,33,33.9,38,38.9,43.3,44,49.1,49.6,54.1,54.6,60.1,60.8,66.3,66.9,73.4,75.1,82.6,84,95.5,181.7,84.7,255,101.1,69.9,59,70.5,29.4,78.4,71.8,55.2,373.7,161.7,562.5,597.6,341.5
standard,Bb,,10,standard,standard,0.9,4,4.6,7.7,8.2,11.4,11.8,15,15.4,18.6,19,22.2,22.6,25.8,26.2,29.4,29.8,32.8,33.4,36.6,37,40.2,40.6,43.8,44.2,47.9,48.4,51.3,51.6,55,55.8,58.8,0,0,0,0,0,0,0,0,0,0,0,0,0,0,0,0
stephanie-mills_wnba-allstar-game_2003,G,,7,basketball,rnb,0.4,7.2,7.9,12.3,13.2,19,19.7,25,25.7,31.3,31.9,36.3,37.2,42.1,42.6,48.1,48.8,53.5,53.8,59.1,59.6,64.4,65.2,70.7,71,76.9,77.5,84.5,85.2,94.2,94.9,115.9,109.6,88,204,111,161.7,173.2,245.5,142.2,214.8,231,120.8,359.8,322.6,226.2,183.3,651.9
steven-tyler_indy-500_2001,G,,7,racing,rock,0.5,4.5,5.3,10,10.8,15,15.5,20.1,20.7,24.9,25.7,30.6,32,36.6,37.1,42.5,43.5,48.2,50.7,54.6,56.8,61.4,62.2,68.9,73.4,79.1,79.5,85.8,88.8,99.9,100.7,112.5,46.6,100.4,200.7,68.2,60.7,75.1,83.4,56,394,434.3,118.7,372.3,72.6,436.8,1222.5,338.7
taylor-swift_nfl-regular-season_2006,E,,4,football,country,0.5,5.5,6,10.8,11.5,16.4,17.2,21.9,22.5,27.5,28,32.9,33.5,38.5,39.1,44,44.6,49.5,49.9,54.9,55.5,60.5,61,66.1,66.6,72.7,73.1,78.7,79.3,89.1,90.1,99.4,83.5,64.1,153.2,26.8,82.2,44.3,107.3,82.4,120.8,342.1,142.7,49.9,166.1,106.1,259.4,87.6
taylor-swift_world-series_2008,E,,4,baseball,country,0.3,4.9,5.4,9.4,10.7,15.3,16,20.7,21.3,26,26.7,30.9,32,36.4,37.3,42.3,43.1,47.8,48.2,52.9,53.6,58.4,58.8,63.7,64.2,70.3,70.7,76.6,77.5,86,88.7,98,79.2,105.7,146.8,131.7,77.6,150.6,159,99.2,192.7,365.6,165.8,231.1,141.1,362.4,107.3,104.4
tpain_mlb-regular-season-game_2015,Eb,,3,baseball,rnb,0.5,8.4,9.2,16.3,17.5,23.1,23.5,28.7,29.7,36,37.1,43.9,44.7,49.3,49.9,54.6,55.6,61.3,62,69.4,70.8,76.4,77.1,82.4,83.2,88.8,89.3,96,97.7,108.8,109.8,125.2,153.1,205.6,329.5,157.3,250.7,332.5,446.3,444.7,624.2,374.7,477.5,592.6,215.5,758,627.4,1002.6
trace-adkins_rnc_2020,D,TRUE,-10,political,country,0.4,5.1,5.8,10.8,11.5,16.7,17.4,22.9,23.8,28.9,29.6,34.8,35.7,41.1,41.4,48.1,49.3,54.3,54.9,59.4,60.2,65,65.9,72.8,73.9,79.6,80.2,87,88.2,96.1,96.8,106.9,107.5,114.7,355.7,130.1,98.4,115.2,467.6,144.4,206,74,125.7,371.3,250.9,110.9,212.4,336.1
trisha-yearwood_world-series_2014,Eb,,3,baseball,country,0.8,4.7,5.2,9.4,9.7,13.9,14.3,18.5,19,23.2,23.8,27.9,28.5,32.6,33.1,37.3,37.9,42.1,42.3,46.7,47.3,51.5,52.1,56.6,57.2,62.5,63,68.1,68.5,76.1,76.6,84.7,44.5,53.7,118.6,98,39.5,79.8,79.8,83,120.4,125,77,129.1,288.7,119.2,162.3,266.2
usher_nba-finals_2015,Bb,TRUE,-2,basketball,rnb,0.3,4.9,5.3,10,10.4,15,15.4,20.1,20.6,29.5,30.6,38,40.7,45,45.7,50.9,53.3,58.2,58.7,63.2,63.7,67.8,68.5,74.5,76.2,85.8,87.2,95.6,96.3,103.4,103.7,118.1,65.9,87.3,142.9,107.7,463.6,316.6,105.6,115,226.5,228.4,200,372.3,405.6,434,200.6,699.1
whitney-houston_super-bowl_1991,Ab,,8,football,pop,0.3,5.3,6,11.1,11.8,17.2,17.5,23.1,23.7,29.4,29.8,35.6,36.3,42.1,42.5,48.5,49.3,54.7,55.1,61.2,61.7,67.8,68.5,74.8,75.3,82.6,83.1,91.2,91.8,99.2,99.6,116.2,176.4,116.6,324.7,184.4,259.5,235,749.3,255.1,466,287.6,178.9,122.2,514.2,445.1,432.8,666.8
whitney-houston_wnba-allstar-game_1999,F,,5,basketball,pop,0.4,6.9,7.7,11.9,13.2,18.2,18.6,23.2,23.8,28.6,29.5,33.8,34.8,39.3,40.1,44.7,46,50.1,50.5,56.1,56.6,60.7,62.2,66.3,66.6,72.9,73.8,84.9,85.1,89.8,90.3,111.2,79.1,146.6,394.3,120,98,156.7,377.6,205.8,189.5,194.5,232.9,311.7,501.8,378,489,933.8
zooey-deschanel_world-series_2011,Eb,,3,baseball,pop,0.3,6.8,7.7,13.4,14.7,20,20.4,26.3,27.9,34,34.5,39.8,40.8,46.4,46.9,52.5,53.8,59.3,59.8,65.1,65.6,69.6,70.2,75.2,75.7,81.9,82.7,89.4,91.2,96.3,96.9,105,69,64.4,204.6,110.6,47.6,41.5,190.2,162.7,353.2,87.8,161,205.5,329.2,224.7,190.6,141.8